group,team,player_name,position_group,source
A,Coreia do Sul,Cho Yu-min,Defender,SillySeason Apr 1 2026
A,Coreia do Sul,Kim Min-jae,Defender,SillySeason Apr 1 2026
A,Coreia do Sul,Kim Moon-hwan,Defender,SillySeason Apr 1 2026
A,Coreia do Sul,Kim Tae-hyeon,Defender,SillySeason Apr 1 2026
A,Coreia do Sul,Lee Han-beom,Defender,SillySeason Apr 1 2026
A,Coreia do Sul,Lee Tae-seok,Defender,SillySeason Apr 1 2026
A,Coreia do Sul,Park Jin-seob,Defender,SillySeason Apr 1 2026
A,Coreia do Sul,Seol Young-woo,Defender,SillySeason Apr 1 2026
A,Coreia do Sul,Cho Gue-sung,Forward,SillySeason Apr 1 2026
A,Coreia do Sul,Oh Hyeon-gyu,Forward,SillySeason Apr 1 2026
A,Coreia do Sul,Son Heung-min,Forward,SillySeason Apr 1 2026
A,Coreia do Sul,Jo Hyeon-woo,Goalkeeper,SillySeason Apr 1 2026
A,Coreia do Sul,Kim Seung-gyu,Goalkeeper,SillySeason Apr 1 2026
A,Coreia do Sul,Song Bum-keun,Goalkeeper,SillySeason Apr 1 2026
A,Coreia do Sul,Bae Jun-ho,Midfielder,SillySeason Apr 1 2026
A,Coreia do Sul,Eom Ji-sung,Midfielder,SillySeason Apr 1 2026
A,Coreia do Sul,Hwang Hee-chan,Midfielder,SillySeason Apr 1 2026
A,Coreia do Sul,Jens Castrop,Midfielder,SillySeason Apr 1 2026
A,Coreia do Sul,Kim Jin-gyu,Midfielder,SillySeason Apr 1 2026
A,Coreia do Sul,Kwon Hyeok-kyu,Midfielder,SillySeason Apr 1 2026
A,Coreia do Sul,Lee Jae-sung,Midfielder,SillySeason Apr 1 2026
A,Coreia do Sul,Seo Min-woo,Midfielder,SillySeason Apr 1 2026
A,Coreia do Sul,Won Du-jae,Midfielder,SillySeason Apr 1 2026
A,Coreia do Sul,Yang Min-hyeok,Midfielder,SillySeason Apr 1 2026
A,México,César Montes,Defender,SillySeason Apr 1 2026
A,México,Israel Reyes,Defender,SillySeason Apr 1 2026
A,México,Jesús Gallardo,Defender,SillySeason Apr 1 2026
A,México,Jesús Orozco,Defender,SillySeason Apr 1 2026
A,México,Johan Vásquez,Defender,SillySeason Apr 1 2026
A,México,Kevin Álvarez,Defender,SillySeason Apr 1 2026
A,México,Mateo Chávez,Defender,SillySeason Apr 1 2026
A,México,Alexis Vega,Forward,SillySeason Apr 1 2026
A,México,César Huerta,Forward,SillySeason Apr 1 2026
A,México,Diego Lainez,Forward,SillySeason Apr 1 2026
A,México,Germán Berterame,Forward,SillySeason Apr 1 2026
A,México,Hirving Lozano,Forward,SillySeason Apr 1 2026
A,México,Julián Quiñones,Forward,SillySeason Apr 1 2026
A,México,Raúl Jiménez,Forward,SillySeason Apr 1 2026
A,México,Roberto Alvarado,Forward,SillySeason Apr 1 2026
A,México,Santiago Giménez,Forward,SillySeason Apr 1 2026
A,México,Carlos Acevedo,Goalkeeper,SillySeason Apr 1 2026
A,México,Luis Malagón,Goalkeeper,SillySeason Apr 1 2026
A,México,Raúl Rangel,Goalkeeper,SillySeason Apr 1 2026
A,México,Alexis Gutiérrez,Midfielder,SillySeason Apr 1 2026
A,México,Edson Álvarez,Midfielder,SillySeason Apr 1 2026
A,México,Erick Sánchez,Midfielder,SillySeason Apr 1 2026
A,México,Fidel Ambriz,Midfielder,SillySeason Apr 1 2026
A,México,Gilberto Mora,Midfielder,SillySeason Apr 1 2026
A,México,Marcel Ruiz,Midfielder,SillySeason Apr 1 2026
A,México,Obed Vargas,Midfielder,SillySeason Apr 1 2026
A,México,Orbelín Pineda,Midfielder,SillySeason Apr 1 2026
A,México,Érik Lira,Midfielder,SillySeason Apr 1 2026
A,República Tcheca,David Jurasek,Defender,SillySeason Apr 1 2026
A,República Tcheca,Jaroslav Zeleny,Defender,SillySeason Apr 1 2026
A,República Tcheca,Ladislav Krejci,Defender,SillySeason Apr 1 2026
A,República Tcheca,Martin Vitik,Defender,SillySeason Apr 1 2026
A,República Tcheca,Robin Hranac,Defender,SillySeason Apr 1 2026
A,República Tcheca,Stepan Chaloupek,Defender,SillySeason Apr 1 2026
A,República Tcheca,Tomas Holes,Defender,SillySeason Apr 1 2026
A,República Tcheca,Vladimir Coufal,Defender,SillySeason Apr 1 2026
A,República Tcheca,Jan Kliment,Forward,SillySeason Apr 1 2026
A,República Tcheca,Mojmir Chytil,Forward,SillySeason Apr 1 2026
A,República Tcheca,Patrik Schick,Forward,SillySeason Apr 1 2026
A,República Tcheca,Tomas Chory,Forward,SillySeason Apr 1 2026
A,República Tcheca,Lukas Hornicek,Goalkeeper,SillySeason Apr 1 2026
A,República Tcheca,Martin Jedlicka,Goalkeeper,SillySeason Apr 1 2026
A,República Tcheca,Matej Kovar,Goalkeeper,SillySeason Apr 1 2026
A,República Tcheca,Adam Karabec,Midfielder,SillySeason Apr 1 2026
A,República Tcheca,Denis Visinsky,Midfielder,SillySeason Apr 1 2026
A,República Tcheca,Lukas Cerv,Midfielder,SillySeason Apr 1 2026
A,República Tcheca,Lukas Provod,Midfielder,SillySeason Apr 1 2026
A,República Tcheca,Michal Sadilek,Midfielder,SillySeason Apr 1 2026
A,República Tcheca,Pavel Bucha,Midfielder,SillySeason Apr 1 2026
A,República Tcheca,Pavel Sulc,Midfielder,SillySeason Apr 1 2026
A,República Tcheca,Tomas Ladra,Midfielder,SillySeason Apr 1 2026
A,República Tcheca,Tomas Soucek,Midfielder,SillySeason Apr 1 2026
A,República Tcheca,Vladimir Darida,Midfielder,SillySeason Apr 1 2026
A,África do Sul,Aubrey Modiba,Defender,SillySeason Apr 1 2026
A,África do Sul,Bradley Cross,Defender,SillySeason Apr 1 2026
A,África do Sul,Fawaaz Basadien,Defender,SillySeason Apr 1 2026
A,África do Sul,Fezile Gcaba,Defender,SillySeason Apr 1 2026
A,África do Sul,Ime Okon,Defender,SillySeason Apr 1 2026
A,África do Sul,Keegan Allan,Defender,SillySeason Apr 1 2026
A,África do Sul,Khuliso Mudau,Defender,SillySeason Apr 1 2026
A,África do Sul,Khulumani Ndamane,Defender,SillySeason Apr 1 2026
A,África do Sul,Malibongwe Khoza,Defender,SillySeason Apr 1 2026
A,África do Sul,Mbekezeli Mbokazi,Defender,SillySeason Apr 1 2026
A,África do Sul,Nkosinathi Sibisi,Defender,SillySeason Apr 1 2026
A,África do Sul,Samukele Kabini,Defender,SillySeason Apr 1 2026
A,África do Sul,Siyabonga Ngezana,Defender,SillySeason Apr 1 2026
A,África do Sul,Thabang Matuludi,Defender,SillySeason Apr 1 2026
A,África do Sul,Thabiso Monyane,Defender,SillySeason Apr 1 2026
A,África do Sul,Thabo Moloisane,Defender,SillySeason Apr 1 2026
A,África do Sul,Thapelo Morena,Defender,SillySeason Apr 1 2026
A,África do Sul,Tylon Smith,Defender,SillySeason Apr 1 2026
A,África do Sul,Vuyo Letlapa,Defender,SillySeason Apr 1 2026
A,África do Sul,Elias Mokwana,Forward,SillySeason Apr 1 2026
A,África do Sul,Iqraam Rayners,Forward,SillySeason Apr 1 2026
A,África do Sul,Lyle Foster,Forward,SillySeason Apr 1 2026
A,África do Sul,Oswin Appollis,Forward,SillySeason Apr 1 2026
A,África do Sul,Percy Tau,Forward,SillySeason Apr 1 2026
A,África do Sul,Relebohile Mofokeng,Forward,SillySeason Apr 1 2026
A,África do Sul,Brandon Petersen,Goalkeeper,SillySeason Apr 1 2026
A,África do Sul,Darren Johnson,Goalkeeper,SillySeason Apr 1 2026
A,África do Sul,Renaldo Leaner,Goalkeeper,SillySeason Apr 1 2026
A,África do Sul,Ricardo Goss,Goalkeeper,SillySeason Apr 1 2026
A,África do Sul,Ronwen Williams,Goalkeeper,SillySeason Apr 1 2026
A,África do Sul,Sipho Chaine,Goalkeeper,SillySeason Apr 1 2026
A,África do Sul,Bathusi Aubaas,Midfielder,SillySeason Apr 1 2026
A,África do Sul,Luke Le Roux,Midfielder,SillySeason Apr 1 2026
A,África do Sul,Mduduzi Shabalala,Midfielder,SillySeason Apr 1 2026
A,África do Sul,Mthetheleli Mthiyane,Midfielder,SillySeason Apr 1 2026
A,África do Sul,Ndamulelo Maphangule,Midfielder,SillySeason Apr 1 2026
A,África do Sul,Patrick Maswanganyi,Midfielder,SillySeason Apr 1 2026
A,África do Sul,Siphesihle Maduna,Midfielder,SillySeason Apr 1 2026
A,África do Sul,Siphesihle Mkhize,Midfielder,SillySeason Apr 1 2026
A,África do Sul,Sipho Mbule,Midfielder,SillySeason Apr 1 2026
A,África do Sul,Sphephelo Sithole,Midfielder,SillySeason Apr 1 2026
A,África do Sul,Teboho Mokoena,Midfielder,SillySeason Apr 1 2026
A,África do Sul,Thalente Mbatha,Midfielder,SillySeason Apr 1 2026
A,África do Sul,Themba Zwane,Midfielder,SillySeason Apr 1 2026
B,Bósnia e Herzegovina,Amar Dedić,Defender,SillySeason Apr 1 2026
B,Bósnia e Herzegovina,Dennis Hadžikadunić,Defender,SillySeason Apr 1 2026
B,Bósnia e Herzegovina,Nidal Čelik,Defender,SillySeason Apr 1 2026
B,Bósnia e Herzegovina,Nikola Katić,Defender,SillySeason Apr 1 2026
B,Bósnia e Herzegovina,Sead Kolašinac,Defender,SillySeason Apr 1 2026
B,Bósnia e Herzegovina,Stjepan Radeljić,Defender,SillySeason Apr 1 2026
B,Bósnia e Herzegovina,Tarik Muharemović,Defender,SillySeason Apr 1 2026
B,Bósnia e Herzegovina,Edin Džeko,Forward,SillySeason Apr 1 2026
B,Bósnia e Herzegovina,Ermedin Demirović,Forward,SillySeason Apr 1 2026
B,Bósnia e Herzegovina,Haris Tabaković,Forward,SillySeason Apr 1 2026
B,Bósnia e Herzegovina,Jovo Lukić,Forward,SillySeason Apr 1 2026
B,Bósnia e Herzegovina,Samed Baždar,Forward,SillySeason Apr 1 2026
B,Bósnia e Herzegovina,Martin Zlomislic,Goalkeeper,SillySeason Apr 1 2026
B,Bósnia e Herzegovina,Nikola Vasilj,Goalkeeper,SillySeason Apr 1 2026
B,Bósnia e Herzegovina,Osman Hadzikic,Goalkeeper,SillySeason Apr 1 2026
B,Bósnia e Herzegovina,Amar Memić,Midfielder,SillySeason Apr 1 2026
B,Bósnia e Herzegovina,Armin Gigović,Midfielder,SillySeason Apr 1 2026
B,Bósnia e Herzegovina,Benjamin Tahirović,Midfielder,SillySeason Apr 1 2026
B,Bósnia e Herzegovina,Dženis Burnić,Midfielder,SillySeason Apr 1 2026
B,Bósnia e Herzegovina,Esmir Bajraktarević,Midfielder,SillySeason Apr 1 2026
B,Bósnia e Herzegovina,Ivan Bašić,Midfielder,SillySeason Apr 1 2026
B,Bósnia e Herzegovina,Ivan Šunjić,Midfielder,SillySeason Apr 1 2026
B,Bósnia e Herzegovina,Kerim Alajbegović,Midfielder,SillySeason Apr 1 2026
B,Canadá,Alistair Johnston,Defender,SillySeason Apr 1 2026
B,Canadá,Alphonso Davies,Defender,SillySeason Apr 1 2026
B,Canadá,Derek Cornelius,Defender,SillySeason Apr 1 2026
B,Canadá,Luc de Fougerolles,Defender,SillySeason Apr 1 2026
B,Canadá,Niko Sigur,Defender,SillySeason Apr 1 2026
B,Canadá,Richie Laryea,Defender,SillySeason Apr 1 2026
B,Canadá,Daniel Jebbison,Forward,SillySeason Apr 1 2026
B,Canadá,Jonathan David,Forward,SillySeason Apr 1 2026
B,Canadá,Promise David,Forward,SillySeason Apr 1 2026
B,Canadá,Tani Oluwaseyi,Forward,SillySeason Apr 1 2026
B,Canadá,Dayne St. Clair,Goalkeeper,SillySeason Apr 1 2026
B,Canadá,Max Crépeau,Goalkeeper,SillySeason Apr 1 2026
B,Canadá,Owen Goodman,Goalkeeper,SillySeason Apr 1 2026
B,Canadá,Ali Ahmed,Midfielder,SillySeason Apr 1 2026
B,Canadá,Ismaël Koné,Midfielder,SillySeason Apr 1 2026
B,Canadá,Stephen Eustaquio,Midfielder,SillySeason Apr 1 2026
B,Canadá,Tajon Buchanan,Midfielder,SillySeason Apr 1 2026
B,Catar,Abdelkarim Hassan,Defender,SillySeason Apr 1 2026
B,Catar,Ali Assadalla,Defender,SillySeason Apr 1 2026
B,Catar,Bassam Al-Rawi,Defender,SillySeason Apr 1 2026
B,Catar,Tarek Salman,Defender,SillySeason Apr 1 2026
B,Catar,Akram Afif,Forward,SillySeason Apr 1 2026
B,Catar,Almoez Ali,Forward,SillySeason Apr 1 2026
B,Catar,Hassan Al-Haydos,Forward,SillySeason Apr 1 2026
B,Catar,Meshaal Barsham,Goalkeeper,SillySeason Apr 1 2026
B,Catar,Saad Al Sheeb,Goalkeeper,SillySeason Apr 1 2026
B,Catar,Abdulaziz Hatem,Midfielder,SillySeason Apr 1 2026
B,Catar,Hasan Al-Haydos,Midfielder,SillySeason Apr 1 2026
B,Catar,Salem Al-Hajri,Midfielder,SillySeason Apr 1 2026
B,Suíça,Adrian Bajrami,Defender,SillySeason Apr 1 2026
B,Suíça,Aurèle Amenda,Defender,SillySeason Apr 1 2026
B,Suíça,Becir Omeragic,Defender,SillySeason Apr 1 2026
B,Suíça,Isaac Schmidt,Defender,SillySeason Apr 1 2026
B,Suíça,Luca Jaquez,Defender,SillySeason Apr 1 2026
B,Suíça,Manuel Akanji,Defender,SillySeason Apr 1 2026
B,Suíça,Miro Muheim,Defender,SillySeason Apr 1 2026
B,Suíça,Nico Elvedi,Defender,SillySeason Apr 1 2026
B,Suíça,Ricardo Rodríguez,Defender,SillySeason Apr 1 2026
B,Suíça,Silvan Widmer,Defender,SillySeason Apr 1 2026
B,Suíça,Andi Zeqiri,Forward,SillySeason Apr 1 2026
B,Suíça,Breel Embolo,Forward,SillySeason Apr 1 2026
B,Suíça,Cedric Itten,Forward,SillySeason Apr 1 2026
B,Suíça,Dan Ndoye,Forward,SillySeason Apr 1 2026
B,Suíça,Ruben Vargas,Forward,SillySeason Apr 1 2026
B,Suíça,Gregor Kobel,Goalkeeper,SillySeason Apr 1 2026
B,Suíça,Marvin Keller,Goalkeeper,SillySeason Apr 1 2026
B,Suíça,Yvon Mvogo,Goalkeeper,SillySeason Apr 1 2026
B,Suíça,Christian Fassnacht,Midfielder,SillySeason Apr 1 2026
B,Suíça,Djibril Sow,Midfielder,SillySeason Apr 1 2026
B,Suíça,Fabian Rieder,Midfielder,SillySeason Apr 1 2026
B,Suíça,Granit Xhaka,Midfielder,SillySeason Apr 1 2026
B,Suíça,Johan Manzambi,Midfielder,SillySeason Apr 1 2026
B,Suíça,Michel Aebischer,Midfielder,SillySeason Apr 1 2026
B,Suíça,Simon Sohm,Midfielder,SillySeason Apr 1 2026
B,Suíça,Vincent Sierro,Midfielder,SillySeason Apr 1 2026
C,Brasil,Bremer,Defender,SillySeason Apr 1 2026
C,Brasil,Danilo,Defender,SillySeason Apr 1 2026
C,Brasil,Gabriel Magalhães,Defender,SillySeason Apr 1 2026
C,Brasil,Guilherme Arana,Defender,SillySeason Apr 1 2026
C,Brasil,Marquinhos,Defender,SillySeason Apr 1 2026
C,Brasil,Renan Lodi,Defender,SillySeason Apr 1 2026
C,Brasil,Yan Couto,Defender,SillySeason Apr 1 2026
C,Brasil,Éder Militão,Defender,SillySeason Apr 1 2026
C,Brasil,Endrick,Forward,SillySeason Apr 1 2026
C,Brasil,Gabriel Martinelli,Forward,SillySeason Apr 1 2026
C,Brasil,Raphinha,Forward,SillySeason Apr 1 2026
C,Brasil,Richarlison,Forward,SillySeason Apr 1 2026
C,Brasil,Rodrygo,Forward,SillySeason Apr 1 2026
C,Brasil,Vinícius Júnior,Forward,SillySeason Apr 1 2026
C,Brasil,Alisson Becker,Goalkeeper,SillySeason Apr 1 2026
C,Brasil,Bento,Goalkeeper,SillySeason Apr 1 2026
C,Brasil,Ederson,Goalkeeper,SillySeason Apr 1 2026
C,Brasil,André,Midfielder,SillySeason Apr 1 2026
C,Brasil,Bruno Guimarães,Midfielder,SillySeason Apr 1 2026
C,Brasil,Casemiro,Midfielder,SillySeason Apr 1 2026
C,Brasil,Douglas Luiz,Midfielder,SillySeason Apr 1 2026
C,Brasil,João Gomes,Midfielder,SillySeason Apr 1 2026
C,Brasil,Lucas Paquetá,Midfielder,SillySeason Apr 1 2026
C,Escócia,Andy Robertson,Defender,SillySeason Apr 1 2026
C,Escócia,Jack Hendry,Defender,SillySeason Apr 1 2026
C,Escócia,John McGinn,Defender,SillySeason Apr 1 2026
C,Escócia,Kieran Tierney,Defender,SillySeason Apr 1 2026
C,Escócia,Nathan Patterson,Defender,SillySeason Apr 1 2026
C,Escócia,Scott McKenna,Defender,SillySeason Apr 1 2026
C,Escócia,Ben Doak,Forward,SillySeason Apr 1 2026
C,Escócia,Ché Adams,Forward,SillySeason Apr 1 2026
C,Escócia,Lewis Ferguson,Forward,SillySeason Apr 1 2026
C,Escócia,Lyndon Dykes,Forward,SillySeason Apr 1 2026
C,Escócia,Angus Gunn,Goalkeeper,SillySeason Apr 1 2026
C,Escócia,Craig Gordon,Goalkeeper,SillySeason Apr 1 2026
C,Escócia,Liam Kelly,Goalkeeper,SillySeason Apr 1 2026
C,Escócia,Billy Gilmour,Midfielder,SillySeason Apr 1 2026
C,Escócia,Callum McGregor,Midfielder,SillySeason Apr 1 2026
C,Escócia,Kenny McLean,Midfielder,SillySeason Apr 1 2026
C,Escócia,Ryan Christie,Midfielder,SillySeason Apr 1 2026
C,Escócia,Scott McTominay,Midfielder,SillySeason Apr 1 2026
C,Haiti,Alex Christian Jr,Defender,SillySeason Apr 1 2026
C,Haiti,Carlens Arcus,Defender,SillySeason Apr 1 2026
C,Haiti,Jean-Kevin Duverne,Defender,SillySeason Apr 1 2026
C,Haiti,Ricardo Adé,Defender,SillySeason Apr 1 2026
C,Haiti,Duckens Nazon,Forward,SillySeason Apr 1 2026
C,Haiti,Frantzdy Pierrot,Forward,SillySeason Apr 1 2026
C,Haiti,Mikael Cantave,Forward,SillySeason Apr 1 2026
C,Haiti,Mondy Prunier,Forward,SillySeason Apr 1 2026
C,Haiti,Garissone Innocent,Goalkeeper,SillySeason Apr 1 2026
C,Haiti,Johny Placide,Goalkeeper,SillySeason Apr 1 2026
C,Haiti,Wilguens Pierre,Goalkeeper,SillySeason Apr 1 2026
C,Haiti,Bryan Alceus,Midfielder,SillySeason Apr 1 2026
C,Haiti,Carl-Fred Sainte,Midfielder,SillySeason Apr 1 2026
C,Haiti,Derrick Etienne Jr,Midfielder,SillySeason Apr 1 2026
C,Haiti,Leverton Pierre,Midfielder,SillySeason Apr 1 2026
C,Marrocos,Achraf Hakimi,Defender,SillySeason Apr 1 2026
C,Marrocos,Chadi Riad,Defender,SillySeason Apr 1 2026
C,Marrocos,Jawad El Yamiq,Defender,SillySeason Apr 1 2026
C,Marrocos,Nayef Aguerd,Defender,SillySeason Apr 1 2026
C,Marrocos,Noussair Mazraoui,Defender,SillySeason Apr 1 2026
C,Marrocos,Romain Saïss,Defender,SillySeason Apr 1 2026
C,Marrocos,Abde Ezzalzouli,Forward,SillySeason Apr 1 2026
C,Marrocos,Amine Adli,Forward,SillySeason Apr 1 2026
C,Marrocos,Ayoub El Kaabi,Forward,SillySeason Apr 1 2026
C,Marrocos,Hakim Ziyech,Forward,SillySeason Apr 1 2026
C,Marrocos,Youssef En-Nesyri,Forward,SillySeason Apr 1 2026
C,Marrocos,Ahmed Reda Tagnaouti,Goalkeeper,SillySeason Apr 1 2026
C,Marrocos,Munir El Kajoui,Goalkeeper,SillySeason Apr 1 2026
C,Marrocos,Yassine Bounou,Goalkeeper,SillySeason Apr 1 2026
C,Marrocos,Azzedine Ounahi,Midfielder,SillySeason Apr 1 2026
C,Marrocos,Bilal El Khannouss,Midfielder,SillySeason Apr 1 2026
C,Marrocos,Ismael Saibari,Midfielder,SillySeason Apr 1 2026
C,Marrocos,Selim Amallah,Midfielder,SillySeason Apr 1 2026
C,Marrocos,Sofyan Amrabat,Midfielder,SillySeason Apr 1 2026
D,Austrália,Alessandro Circati,Defender,SillySeason Apr 1 2026
D,Austrália,Cameron Burgess,Defender,SillySeason Apr 1 2026
D,Austrália,Jason Geria,Defender,SillySeason Apr 1 2026
D,Austrália,Jordan Bos,Defender,SillySeason Apr 1 2026
D,Austrália,Kye Rowles,Defender,SillySeason Apr 1 2026
D,Austrália,Lewis Miller,Defender,SillySeason Apr 1 2026
D,Austrália,Miloš Degenek,Defender,SillySeason Apr 1 2026
D,Austrália,Daniel Arzani,Forward,SillySeason Apr 1 2026
D,Austrália,Martin Boyle,Forward,SillySeason Apr 1 2026
D,Austrália,Mitch Duke,Forward,SillySeason Apr 1 2026
D,Austrália,Mohamed Touré,Forward,SillySeason Apr 1 2026
D,Austrália,Nestory Irankunda,Forward,SillySeason Apr 1 2026
D,Austrália,Nicholas D’Agostino,Forward,SillySeason Apr 1 2026
D,Austrália,Joe Gauci,Goalkeeper,SillySeason Apr 1 2026
D,Austrália,Mathew Ryan,Goalkeeper,SillySeason Apr 1 2026
D,Austrália,Paul Izzo,Goalkeeper,SillySeason Apr 1 2026
D,Austrália,Aiden O’Neill,Midfielder,SillySeason Apr 1 2026
D,Austrália,Ajdin Hrustić,Midfielder,SillySeason Apr 1 2026
D,Austrália,Alexander Robertson,Midfielder,SillySeason Apr 1 2026
D,Austrália,Cameron Devlin,Midfielder,SillySeason Apr 1 2026
D,Austrália,Connor Metcalfe,Midfielder,SillySeason Apr 1 2026
D,Austrália,Max Balard,Midfielder,SillySeason Apr 1 2026
D,Austrália,Patrick Yazbek,Midfielder,SillySeason Apr 1 2026
D,Estados Unidos,Alex Freeman,Defender,SillySeason Apr 1 2026
D,Estados Unidos,Antonee Robinson,Defender,SillySeason Apr 1 2026
D,Estados Unidos,Auston Trusty,Defender,SillySeason Apr 1 2026
D,Estados Unidos,Chris Richards,Defender,SillySeason Apr 1 2026
D,Estados Unidos,Mark McKenzie,Defender,SillySeason Apr 1 2026
D,Estados Unidos,Miles Robinson,Defender,SillySeason Apr 1 2026
D,Estados Unidos,Sergiño Dest,Defender,SillySeason Apr 1 2026
D,Estados Unidos,Tim Ream,Defender,SillySeason Apr 1 2026
D,Estados Unidos,Christian Pulisic,Forward,SillySeason Apr 1 2026
D,Estados Unidos,Diego Luna,Forward,SillySeason Apr 1 2026
D,Estados Unidos,Folarin Balogun,Forward,SillySeason Apr 1 2026
D,Estados Unidos,Haji Wright,Forward,SillySeason Apr 1 2026
D,Estados Unidos,Ricardo Pepi,Forward,SillySeason Apr 1 2026
D,Estados Unidos,Matt Freese,Goalkeeper,SillySeason Apr 1 2026
D,Estados Unidos,Matt Turner,Goalkeeper,SillySeason Apr 1 2026
D,Estados Unidos,Patrick Schulte,Goalkeeper,SillySeason Apr 1 2026
D,Estados Unidos,Brenden Aaronson,Midfielder,SillySeason Apr 1 2026
D,Estados Unidos,Cristian Roldan,Midfielder,SillySeason Apr 1 2026
D,Estados Unidos,Giovanni Reyna,Midfielder,SillySeason Apr 1 2026
D,Estados Unidos,Malik Tillman,Midfielder,SillySeason Apr 1 2026
D,Estados Unidos,Sebastian Berhalter,Midfielder,SillySeason Apr 1 2026
D,Estados Unidos,Tanner Tessmann,Midfielder,SillySeason Apr 1 2026
D,Estados Unidos,Tim Weah,Midfielder,SillySeason Apr 1 2026
D,Estados Unidos,Tyler Adams,Midfielder,SillySeason Apr 1 2026
D,Estados Unidos,Weston McKennie,Midfielder,SillySeason Apr 1 2026
D,Paraguai,Alan Benítez,Defender,SillySeason Apr 1 2026
D,Paraguai,Alexis Duarte,Defender,SillySeason Apr 1 2026
D,Paraguai,Blas Riveros,Defender,SillySeason Apr 1 2026
D,Paraguai,Gustavo Gómez,Defender,SillySeason Apr 1 2026
D,Paraguai,Gustavo Velázquez,Defender,SillySeason Apr 1 2026
D,Paraguai,Juan Cáceres,Defender,SillySeason Apr 1 2026
D,Paraguai,Junior Alonso,Defender,SillySeason Apr 1 2026
D,Paraguai,Alex Arce,Forward,SillySeason Apr 1 2026
D,Paraguai,Antonio Sanabria,Forward,SillySeason Apr 1 2026
D,Paraguai,Julio Enciso,Forward,SillySeason Apr 1 2026
D,Paraguai,Ronaldo Martínez,Forward,SillySeason Apr 1 2026
D,Paraguai,Aldo Pérez,Goalkeeper,SillySeason Apr 1 2026
D,Paraguai,Orlando Gil,Goalkeeper,SillySeason Apr 1 2026
D,Paraguai,Roberto Fernández,Goalkeeper,SillySeason Apr 1 2026
D,Paraguai,Braian Ojeda,Midfielder,SillySeason Apr 1 2026
D,Paraguai,Diego González,Midfielder,SillySeason Apr 1 2026
D,Paraguai,Diego Gómez,Midfielder,SillySeason Apr 1 2026
D,Paraguai,Hugo Cuenca,Midfielder,SillySeason Apr 1 2026
D,Paraguai,Matías Galarza,Midfielder,SillySeason Apr 1 2026
D,Paraguai,Miguel Almirón,Midfielder,SillySeason Apr 1 2026
D,Paraguai,Ramón Sosa,Midfielder,SillySeason Apr 1 2026
D,Turquia,Abdülkerim Bardakcı,Defender,SillySeason Apr 1 2026
D,Turquia,Ahmetcan Kaplan,Defender,SillySeason Apr 1 2026
D,Turquia,Eren Elmalı,Defender,SillySeason Apr 1 2026
D,Turquia,Ferdi Kadıoğlu,Defender,SillySeason Apr 1 2026
D,Turquia,Merih Demiral,Defender,SillySeason Apr 1 2026
D,Turquia,Mert Müldür,Defender,SillySeason Apr 1 2026
D,Turquia,Mustafa Eskihellaç,Defender,SillySeason Apr 1 2026
D,Turquia,Ozan Kabak,Defender,SillySeason Apr 1 2026
D,Turquia,Samet Akaydin,Defender,SillySeason Apr 1 2026
D,Turquia,Zeki Çelik,Defender,SillySeason Apr 1 2026
D,Turquia,Aral Şimşir,Forward,SillySeason Apr 1 2026
D,Turquia,Arda Güler,Forward,SillySeason Apr 1 2026
D,Turquia,Barış Alper Yılmaz,Forward,SillySeason Apr 1 2026
D,Turquia,Deniz Gül,Forward,SillySeason Apr 1 2026
D,Turquia,Kenan Yıldız,Forward,SillySeason Apr 1 2026
D,Turquia,Kerem Aktürkoğlu,Forward,SillySeason Apr 1 2026
D,Turquia,Oğuz Aydın,Forward,SillySeason Apr 1 2026
D,Turquia,Semih Kılıçsoy,Forward,SillySeason Apr 1 2026
D,Turquia,Yunus Akgün,Forward,SillySeason Apr 1 2026
D,Turquia,İrfan Kahveci,Forward,SillySeason Apr 1 2026
D,Turquia,Altay Bayındır,Goalkeeper,SillySeason Apr 1 2026
D,Turquia,Mert Günok,Goalkeeper,SillySeason Apr 1 2026
D,Turquia,Muhammed Şengezer,Goalkeeper,SillySeason Apr 1 2026
D,Turquia,Uğurcan Çakır,Goalkeeper,SillySeason Apr 1 2026
D,Turquia,Atakan Karazor,Midfielder,SillySeason Apr 1 2026
D,Turquia,Hakan Çalhanoğlu,Midfielder,SillySeason Apr 1 2026
D,Turquia,Kaan Ayhan,Midfielder,SillySeason Apr 1 2026
D,Turquia,Orkun Kökçü,Midfielder,SillySeason Apr 1 2026
D,Turquia,Salih Özcan,Midfielder,SillySeason Apr 1 2026
D,Turquia,İsmail Yüksek,Midfielder,SillySeason Apr 1 2026
E,Alemanha,David Raum,Defender,SillySeason Apr 1 2026
E,Alemanha,Jonathan Tah,Defender,SillySeason Apr 1 2026
E,Alemanha,Malick Thiaw,Defender,SillySeason Apr 1 2026
E,Alemanha,Nathaniel Brown,Defender,SillySeason Apr 1 2026
E,Alemanha,Nico Schlotterbeck,Defender,SillySeason Apr 1 2026
E,Alemanha,Ridle Baku,Defender,SillySeason Apr 1 2026
E,Alemanha,Waldemar Anton,Defender,SillySeason Apr 1 2026
E,Alemanha,Jonathan Burkardt,Forward,SillySeason Apr 1 2026
E,Alemanha,Nick Woltemade,Forward,SillySeason Apr 1 2026
E,Alemanha,Said El Mala,Forward,SillySeason Apr 1 2026
E,Alemanha,Alexander Nübel,Goalkeeper,SillySeason Apr 1 2026
E,Alemanha,Finn Dahmen,Goalkeeper,SillySeason Apr 1 2026
E,Alemanha,Noah Atubolu,Goalkeeper,SillySeason Apr 1 2026
E,Alemanha,Oliver Baumann,Goalkeeper,SillySeason Apr 1 2026
E,Alemanha,Aleksandar Pavlović,Midfielder,SillySeason Apr 1 2026
E,Alemanha,Assan Ouédraogo,Midfielder,SillySeason Apr 1 2026
E,Alemanha,Felix Nmecha,Midfielder,SillySeason Apr 1 2026
E,Alemanha,Florian Wirtz,Midfielder,SillySeason Apr 1 2026
E,Alemanha,Jamie Leweling,Midfielder,SillySeason Apr 1 2026
E,Alemanha,Joshua Kimmich,Midfielder,SillySeason Apr 1 2026
E,Alemanha,Karim Adeyemi,Midfielder,SillySeason Apr 1 2026
E,Alemanha,Kevin Schade,Midfielder,SillySeason Apr 1 2026
E,Alemanha,Leon Goretzka,Midfielder,SillySeason Apr 1 2026
E,Alemanha,Serge Gnabry,Midfielder,SillySeason Apr 1 2026
E,Costa do Marfim,Armel Zohouri,Defender,SillySeason Apr 1 2026
E,Costa do Marfim,Clément Akpa,Defender,SillySeason Apr 1 2026
E,Costa do Marfim,Emmanuel Agbadou,Defender,SillySeason Apr 1 2026
E,Costa do Marfim,Evan Ndicka,Defender,SillySeason Apr 1 2026
E,Costa do Marfim,Ghislain Konan,Defender,SillySeason Apr 1 2026
E,Costa do Marfim,Guéla Doué,Defender,SillySeason Apr 1 2026
E,Costa do Marfim,Jean-Philippe Gbamin,Defender,SillySeason Apr 1 2026
E,Costa do Marfim,Odilon Kossounou,Defender,SillySeason Apr 1 2026
E,Costa do Marfim,Ousmane Diomandé,Defender,SillySeason Apr 1 2026
E,Costa do Marfim,Amad Diallo,Forward,SillySeason Apr 1 2026
E,Costa do Marfim,Evann Guessand,Forward,SillySeason Apr 1 2026
E,Costa do Marfim,Jean-Philippe Krasso,Forward,SillySeason Apr 1 2026
E,Costa do Marfim,Oumar Diakité,Forward,SillySeason Apr 1 2026
E,Costa do Marfim,Richard Koné,Forward,SillySeason Apr 1 2026
E,Costa do Marfim,Sébastien Haller,Forward,SillySeason Apr 1 2026
E,Costa do Marfim,Vakoun Issouf Bayo,Forward,SillySeason Apr 1 2026
E,Costa do Marfim,Yan Diomandé,Forward,SillySeason Apr 1 2026
E,Costa do Marfim,Alban Lafont,Goalkeeper,SillySeason Apr 1 2026
E,Costa do Marfim,Mohamed Koné,Goalkeeper,SillySeason Apr 1 2026
E,Costa do Marfim,Yahia Fofana,Goalkeeper,SillySeason Apr 1 2026
E,Costa do Marfim,Christ Inao Oulaï,Midfielder,SillySeason Apr 1 2026
E,Costa do Marfim,Franck Kessié,Midfielder,SillySeason Apr 1 2026
E,Costa do Marfim,Ibrahim Sangaré,Midfielder,SillySeason Apr 1 2026
E,Costa do Marfim,Mario Dorgelès,Midfielder,SillySeason Apr 1 2026
E,Costa do Marfim,Parfait Guiagon,Midfielder,SillySeason Apr 1 2026
E,Costa do Marfim,Seko Fofana,Midfielder,SillySeason Apr 1 2026
E,Curaçao,Armando Obispo,Defender,SillySeason Apr 1 2026
E,Curaçao,Deveron Fonville,Defender,SillySeason Apr 1 2026
E,Curaçao,Joshua Brenet,Defender,SillySeason Apr 1 2026
E,Curaçao,Jurien Gaari,Defender,SillySeason Apr 1 2026
E,Curaçao,Roshon van Eijma,Defender,SillySeason Apr 1 2026
E,Curaçao,Sherel Floranus,Defender,SillySeason Apr 1 2026
E,Curaçao,Shurandy Sambo,Defender,SillySeason Apr 1 2026
E,Curaçao,Gervane Kastaneer,Forward,SillySeason Apr 1 2026
E,Curaçao,Jearl Margaritha,Forward,SillySeason Apr 1 2026
E,Curaçao,Jeremy Antonisse,Forward,SillySeason Apr 1 2026
E,Curaçao,Jordi Paulina,Forward,SillySeason Apr 1 2026
E,Curaçao,Jurgen Locadia,Forward,SillySeason Apr 1 2026
E,Curaçao,Kenji Gorré,Forward,SillySeason Apr 1 2026
E,Curaçao,Sontje Hansen,Forward,SillySeason Apr 1 2026
E,Curaçao,Eloy Room,Goalkeeper,SillySeason Apr 1 2026
E,Curaçao,Trevor Doornbusch,Goalkeeper,SillySeason Apr 1 2026
E,Curaçao,Tyrick Bodak,Goalkeeper,SillySeason Apr 1 2026
E,Curaçao,Ar’jany Martha,Midfielder,SillySeason Apr 1 2026
E,Curaçao,Godfried Roemeratoe,Midfielder,SillySeason Apr 1 2026
E,Curaçao,Juninho Bacuna,Midfielder,SillySeason Apr 1 2026
E,Curaçao,Kevin Felida,Midfielder,SillySeason Apr 1 2026
E,Curaçao,Leandro Bacuna,Midfielder,SillySeason Apr 1 2026
E,Curaçao,Livano Comenencia,Midfielder,SillySeason Apr 1 2026
E,Curaçao,Tahith Chong,Midfielder,SillySeason Apr 1 2026
E,Curaçao,Tyrese Noslin,Midfielder,SillySeason Apr 1 2026
E,Equador,Angelo Preciado,Defender,SillySeason Apr 1 2026
E,Equador,Cristian Ramírez,Defender,SillySeason Apr 1 2026
E,Equador,Félix Torres,Defender,SillySeason Apr 1 2026
E,Equador,Jhoanner Chávez,Defender,SillySeason Apr 1 2026
E,Equador,Joel Ordóñez,Defender,SillySeason Apr 1 2026
E,Equador,Leonardo Realpe,Defender,SillySeason Apr 1 2026
E,Equador,Piero Hincapié,Defender,SillySeason Apr 1 2026
E,Equador,Willian Pacho,Defender,SillySeason Apr 1 2026
E,Equador,John Mercado,Forward,SillySeason Apr 1 2026
E,Equador,Kevin Rodríguez,Forward,SillySeason Apr 1 2026
E,Equador,Leonardo Campana,Forward,SillySeason Apr 1 2026
E,Equador,Nilson Angulo,Forward,SillySeason Apr 1 2026
E,Equador,Cristhian Loor,Goalkeeper,SillySeason Apr 1 2026
E,Equador,Hernán Galíndez,Goalkeeper,SillySeason Apr 1 2026
E,Equador,Moisés Ramírez,Goalkeeper,SillySeason Apr 1 2026
E,Equador,Alan Franco,Midfielder,SillySeason Apr 1 2026
E,Equador,Alan Minda,Midfielder,SillySeason Apr 1 2026
E,Equador,Denílson Castillo,Midfielder,SillySeason Apr 1 2026
E,Equador,John Yeboah,Midfielder,SillySeason Apr 1 2026
E,Equador,Jordy Alcívar,Midfielder,SillySeason Apr 1 2026
E,Equador,Kendry Páez,Midfielder,SillySeason Apr 1 2026
E,Equador,Moisés Caicedo,Midfielder,SillySeason Apr 1 2026
E,Equador,Patrik Mercado,Midfielder,SillySeason Apr 1 2026
E,Equador,Pedro Vite,Midfielder,SillySeason Apr 1 2026
E,Equador,Yaimar Medina,Midfielder,SillySeason Apr 1 2026
F,Holanda,Jan Paul van Hecke,Defender,SillySeason Apr 1 2026
F,Holanda,Jurriën Timber,Defender,SillySeason Apr 1 2026
F,Holanda,Lutsharel Geertruida,Defender,SillySeason Apr 1 2026
F,Holanda,Matthijs de Ligt,Defender,SillySeason Apr 1 2026
F,Holanda,Micky van de Ven,Defender,SillySeason Apr 1 2026
F,Holanda,Nathan Aké,Defender,SillySeason Apr 1 2026
F,Holanda,Virgil van Dijk,Defender,SillySeason Apr 1 2026
F,Holanda,Cody Gakpo,Forward,SillySeason Apr 1 2026
F,Holanda,Memphis Depay,Forward,SillySeason Apr 1 2026
F,Holanda,Bart Verbruggen,Goalkeeper,SillySeason Apr 1 2026
F,Holanda,Mark Flekken,Goalkeeper,SillySeason Apr 1 2026
F,Holanda,Robin Roefs,Goalkeeper,SillySeason Apr 1 2026
F,Holanda,Frenkie de Jong,Midfielder,SillySeason Apr 1 2026
F,Holanda,Ryan Gravenberch,Midfielder,SillySeason Apr 1 2026
F,Holanda,Tijjani Reijnders,Midfielder,SillySeason Apr 1 2026
F,Holanda,Xavi Simons,Midfielder,SillySeason Apr 1 2026
F,Japão,Ayumu Seko,Defender,SillySeason Apr 1 2026
F,Japão,Junnosuke Suzuki,Defender,SillySeason Apr 1 2026
F,Japão,Ko Itakura,Defender,SillySeason Apr 1 2026
F,Japão,Shogo Taniguchi,Defender,SillySeason Apr 1 2026
F,Japão,Tsuyoshi Watanabe,Defender,SillySeason Apr 1 2026
F,Japão,Yukinari Sugawara,Defender,SillySeason Apr 1 2026
F,Japão,Ayase Ueda,Forward,SillySeason Apr 1 2026
F,Japão,Daizen Maeda,Forward,SillySeason Apr 1 2026
F,Japão,Keisuke Goto,Forward,SillySeason Apr 1 2026
F,Japão,Koki Ogawa,Forward,SillySeason Apr 1 2026
F,Japão,Shuto Machino,Forward,SillySeason Apr 1 2026
F,Japão,Leo Kokubo,Goalkeeper,SillySeason Apr 1 2026
F,Japão,Taishi Brandon Nozawa,Goalkeeper,SillySeason Apr 1 2026
F,Japão,Zion Suzuki,Goalkeeper,SillySeason Apr 1 2026
F,Japão,Ao Tanaka,Midfielder,SillySeason Apr 1 2026
F,Japão,Daichi Kamada,Midfielder,SillySeason Apr 1 2026
F,Japão,Joel Chima Fujita,Midfielder,SillySeason Apr 1 2026
F,Japão,Kaishu Sano,Midfielder,SillySeason Apr 1 2026
F,Japão,Keito Nakamura,Midfielder,SillySeason Apr 1 2026
F,Japão,Ritsu Doan,Midfielder,SillySeason Apr 1 2026
F,Japão,Sota Kitano,Midfielder,SillySeason Apr 1 2026
F,Japão,Takefusa Kubo,Midfielder,SillySeason Apr 1 2026
F,Japão,Wataru Endo,Midfielder,SillySeason Apr 1 2026
F,Suécia,Carl Starfelt,Defender,SillySeason Apr 1 2026
F,Suécia,Daniel Svensson,Defender,SillySeason Apr 1 2026
F,Suécia,Elliot Stroud,Defender,SillySeason Apr 1 2026
F,Suécia,Gabriel Gudmundsson,Defender,SillySeason Apr 1 2026
F,Suécia,Gustaf Lagerbielke,Defender,SillySeason Apr 1 2026
F,Suécia,Herman Johansson,Defender,SillySeason Apr 1 2026
F,Suécia,Isak Hien,Defender,SillySeason Apr 1 2026
F,Suécia,Victor Lindelöf,Defender,SillySeason Apr 1 2026
F,Suécia,Anthony Elanga,Forward,SillySeason Apr 1 2026
F,Suécia,Benjamin Nygren,Forward,SillySeason Apr 1 2026
F,Suécia,Gustaf Nilsson,Forward,SillySeason Apr 1 2026
F,Suécia,Roony Bardghji,Forward,SillySeason Apr 1 2026
F,Suécia,Taha Ali,Forward,SillySeason Apr 1 2026
F,Suécia,Viktor Gyökeres,Forward,SillySeason Apr 1 2026
F,Suécia,Kristoffer Nordfeldt,Goalkeeper,SillySeason Apr 1 2026
F,Suécia,Melker Ellborg,Goalkeeper,SillySeason Apr 1 2026
F,Suécia,Noel Törnqvist,Goalkeeper,SillySeason Apr 1 2026
F,Suécia,Besfort Zeneli,Midfielder,SillySeason Apr 1 2026
F,Suécia,Eric Smith,Midfielder,SillySeason Apr 1 2026
F,Suécia,Gustav Lundgren,Midfielder,SillySeason Apr 1 2026
F,Suécia,Hugo Larsson,Midfielder,SillySeason Apr 1 2026
F,Suécia,Jesper Karlström,Midfielder,SillySeason Apr 1 2026
F,Suécia,Lucas Bergvall,Midfielder,SillySeason Apr 1 2026
F,Suécia,Mattias Svanberg,Midfielder,SillySeason Apr 1 2026
F,Suécia,Williot Swedberg,Midfielder,SillySeason Apr 1 2026
F,Suécia,Yasin Ayari,Midfielder,SillySeason Apr 1 2026
F,Tunísia,Ali Maaloul,Defender,SillySeason Apr 1 2026
F,Tunísia,Marouane Sahraoui,Defender,SillySeason Apr 1 2026
F,Tunísia,Mohamed Amine Ben Hamida,Defender,SillySeason Apr 1 2026
F,Tunísia,Moutaz Neffati,Defender,SillySeason Apr 1 2026
F,Tunísia,Oussama Haddadi,Defender,SillySeason Apr 1 2026
F,Tunísia,Yassine Meriah,Defender,SillySeason Apr 1 2026
F,Tunísia,Amor Layouni,Forward,SillySeason Apr 1 2026
F,Tunísia,Firas Chaouat,Forward,SillySeason Apr 1 2026
F,Tunísia,Hazem Mastouri,Forward,SillySeason Apr 1 2026
F,Tunísia,Nacim Dendani,Forward,SillySeason Apr 1 2026
F,Tunísia,Rayane Anane,Forward,SillySeason Apr 1 2026
F,Tunísia,Aymen Dahmen,Goalkeeper,SillySeason Apr 1 2026
F,Tunísia,Bechir Ben Said,Goalkeeper,SillySeason Apr 1 2026
F,Tunísia,Noureddine Farhati,Goalkeeper,SillySeason Apr 1 2026
F,Tunísia,Chiheb Jebali,Midfielder,SillySeason Apr 1 2026
F,Tunísia,Ferjani Sassi,Midfielder,SillySeason Apr 1 2026
F,Tunísia,Hadj Mahmoud,Midfielder,SillySeason Apr 1 2026
F,Tunísia,Houssem Tka,Midfielder,SillySeason Apr 1 2026
F,Tunísia,Ismael Gharbi,Midfielder,SillySeason Apr 1 2026
F,Tunísia,Mohamed Ali Ben Romdhane,Midfielder,SillySeason Apr 1 2026
G,Bélgica,Arthur Theate,Defender,SillySeason Apr 1 2026
G,Bélgica,Brandon Mechele,Defender,SillySeason Apr 1 2026
G,Bélgica,Joaquin Seys,Defender,SillySeason Apr 1 2026
G,Bélgica,Koni De Winter,Defender,SillySeason Apr 1 2026
G,Bélgica,Maxim De Cuyper,Defender,SillySeason Apr 1 2026
G,Bélgica,Thomas Meunier,Defender,SillySeason Apr 1 2026
G,Bélgica,Timothy Castagne,Defender,SillySeason Apr 1 2026
G,Bélgica,Charles De Ketelaere,Forward,SillySeason Apr 1 2026
G,Bélgica,Dodi Lukebakio,Forward,SillySeason Apr 1 2026
G,Bélgica,Jérémy Doku,Forward,SillySeason Apr 1 2026
G,Bélgica,Leandro Trossard,Forward,SillySeason Apr 1 2026
G,Bélgica,Loïs Openda,Forward,SillySeason Apr 1 2026
G,Bélgica,Romeo Vermant,Forward,SillySeason Apr 1 2026
G,Bélgica,Maarten Vandevoordt,Goalkeeper,SillySeason Apr 1 2026
G,Bélgica,Matz Sels,Goalkeeper,SillySeason Apr 1 2026
G,Bélgica,Senne Lammens,Goalkeeper,SillySeason Apr 1 2026
G,Bélgica,Thibaut Courtois,Goalkeeper,SillySeason Apr 1 2026
G,Bélgica,Amadou Onana,Midfielder,SillySeason Apr 1 2026
G,Bélgica,Axel Witsel,Midfielder,SillySeason Apr 1 2026
G,Bélgica,Charles Vanhoutte,Midfielder,SillySeason Apr 1 2026
G,Bélgica,Nicolas Raskin,Midfielder,SillySeason Apr 1 2026
G,Bélgica,Youri Tielemans,Midfielder,SillySeason Apr 1 2026
G,Egito,Ahmed Eid,Defender,SillySeason Apr 1 2026
G,Egito,Ahmed Fatouh,Defender,SillySeason Apr 1 2026
G,Egito,Hossam Abdel-Maguid,Defender,SillySeason Apr 1 2026
G,Egito,Khaled Sobhi,Defender,SillySeason Apr 1 2026
G,Egito,Mohamed Hamdy,Defender,SillySeason Apr 1 2026
G,Egito,Mohamed Hany,Defender,SillySeason Apr 1 2026
G,Egito,Mohamed Ismail,Defender,SillySeason Apr 1 2026
G,Egito,Ramy Rabia,Defender,SillySeason Apr 1 2026
G,Egito,Yasser Ibrahim,Defender,SillySeason Apr 1 2026
G,Egito,Mostafa Mohamed,Forward,SillySeason Apr 1 2026
G,Egito,Osama Faisal,Forward,SillySeason Apr 1 2026
G,Egito,Salah Mohsen,Forward,SillySeason Apr 1 2026
G,Egito,Ahmed El Shenawy,Goalkeeper,SillySeason Apr 1 2026
G,Egito,Mohamed El Shenawy,Goalkeeper,SillySeason Apr 1 2026
G,Egito,Mohamed Sobhi,Goalkeeper,SillySeason Apr 1 2026
G,Egito,Mostafa Shobeir,Goalkeeper,SillySeason Apr 1 2026
G,Egito,Ahmed Mostafa Zizo,Midfielder,SillySeason Apr 1 2026
G,Egito,Emam Ashour,Midfielder,SillySeason Apr 1 2026
G,Egito,Hamdi Fathi,Midfielder,SillySeason Apr 1 2026
G,Egito,Ibrahim Adel,Midfielder,SillySeason Apr 1 2026
G,Egito,Mahmoud Hassan Trezeguet,Midfielder,SillySeason Apr 1 2026
G,Egito,Mahmoud Saber,Midfielder,SillySeason Apr 1 2026
G,Egito,Marwan Attia,Midfielder,SillySeason Apr 1 2026
G,Egito,Mohamed Salah,Midfielder,SillySeason Apr 1 2026
G,Egito,Mohamed Shehata,Midfielder,SillySeason Apr 1 2026
G,Egito,Mohannad Lasheen,Midfielder,SillySeason Apr 1 2026
G,Egito,Mostafa Fathi,Midfielder,SillySeason Apr 1 2026
G,Egito,Omar Marmoush,Midfielder,SillySeason Apr 1 2026
G,Irã,Majid Hosseini,Defender,SillySeason Apr 1 2026
G,Irã,Milad Mohammadi,Defender,SillySeason Apr 1 2026
G,Irã,Ramin Rezaeian,Defender,SillySeason Apr 1 2026
G,Irã,Allahyar Sayyadmanesh,Forward,SillySeason Apr 1 2026
G,Irã,Sardar Azmoun,Forward,SillySeason Apr 1 2026
G,Irã,Alireza Beiranvand,Goalkeeper,SillySeason Apr 1 2026
G,Irã,Hossein Hosseini,Goalkeeper,SillySeason Apr 1 2026
G,Irã,Alireza Jahanbakhsh,Midfielder,SillySeason Apr 1 2026
G,Irã,Saeid Ezatolahi,Midfielder,SillySeason Apr 1 2026
G,Nova Zelândia,Liberato Cacace,Defender,SillySeason Apr 1 2026
G,Nova Zelândia,Michael Boxall,Defender,SillySeason Apr 1 2026
G,Nova Zelândia,Winston Reid,Defender,SillySeason Apr 1 2026
G,Nova Zelândia,Ben Waine,Forward,SillySeason Apr 1 2026
G,Nova Zelândia,Chris Wood,Forward,SillySeason Apr 1 2026
G,Nova Zelândia,Nick Draper,Goalkeeper,SillySeason Apr 1 2026
G,Nova Zelândia,Oli Sail,Goalkeeper,SillySeason Apr 1 2026
G,Nova Zelândia,Alex Greive,Midfielder,SillySeason Apr 1 2026
G,Nova Zelândia,Marco Rojas,Midfielder,SillySeason Apr 1 2026
H,Arábia Saudita,Abdulelah Al-Amri,Defender,SillySeason Apr 1 2026
H,Arábia Saudita,Ali Majrashi,Defender,SillySeason Apr 1 2026
H,Arábia Saudita,Hassan Al-Tambakti,Defender,SillySeason Apr 1 2026
H,Arábia Saudita,Jehad Thakri,Defender,SillySeason Apr 1 2026
H,Arábia Saudita,Mohammed Abu Al-Shamat,Defender,SillySeason Apr 1 2026
H,Arábia Saudita,Mohammed Sulaiman,Defender,SillySeason Apr 1 2026
H,Arábia Saudita,Nawaf Boushal,Defender,SillySeason Apr 1 2026
H,Arábia Saudita,Waleed Al-Ahmed,Defender,SillySeason Apr 1 2026
H,Arábia Saudita,Abdullah Al-Hamdan,Forward,SillySeason Apr 1 2026
H,Arábia Saudita,Firas Al-Buraikan,Forward,SillySeason Apr 1 2026
H,Arábia Saudita,Saleh Al-Shehri,Forward,SillySeason Apr 1 2026
H,Arábia Saudita,Abdulrahman Al-Sanbi,Goalkeeper,SillySeason Apr 1 2026
H,Arábia Saudita,Nawaf Al-Aqidi,Goalkeeper,SillySeason Apr 1 2026
H,Arábia Saudita,Raghed Al-Najjar,Goalkeeper,SillySeason Apr 1 2026
H,Arábia Saudita,Abdullah Al-Khaibari,Midfielder,SillySeason Apr 1 2026
H,Arábia Saudita,Abdulrahman Al-Aboud,Midfielder,SillySeason Apr 1 2026
H,Arábia Saudita,Ayman Yahya,Midfielder,SillySeason Apr 1 2026
H,Arábia Saudita,Mohamed Kanno,Midfielder,SillySeason Apr 1 2026
H,Arábia Saudita,Murad Hawsawi,Midfielder,SillySeason Apr 1 2026
H,Arábia Saudita,Musab Al-Juwayr,Midfielder,SillySeason Apr 1 2026
H,Arábia Saudita,Nasser Al-Dawsari,Midfielder,SillySeason Apr 1 2026
H,Arábia Saudita,Saleh Abu Al-Shamat,Midfielder,SillySeason Apr 1 2026
H,Arábia Saudita,Salem Al-Dawsari,Midfielder,SillySeason Apr 1 2026
H,Cabo Verde,David Moreira,Defender,SillySeason Apr 1 2026
H,Cabo Verde,Diney,Defender,SillySeason Apr 1 2026
H,Cabo Verde,Jojo,Defender,SillySeason Apr 1 2026
H,Cabo Verde,Kelvin Pires,Defender,SillySeason Apr 1 2026
H,Cabo Verde,Ricardo Santos,Defender,SillySeason Apr 1 2026
H,Cabo Verde,Sidny Lopes Cabral,Defender,SillySeason Apr 1 2026
H,Cabo Verde,Stopira,Defender,SillySeason Apr 1 2026
H,Cabo Verde,Wagner Pina,Defender,SillySeason Apr 1 2026
H,Cabo Verde,Alessio da Cruz,Forward,SillySeason Apr 1 2026
H,Cabo Verde,Dailon Livramento,Forward,SillySeason Apr 1 2026
H,Cabo Verde,Garry Rodrigues,Forward,SillySeason Apr 1 2026
H,Cabo Verde,Helio Varela,Forward,SillySeason Apr 1 2026
H,Cabo Verde,Heriberto Tavares,Forward,SillySeason Apr 1 2026
H,Cabo Verde,Nuno da Costa,Forward,SillySeason Apr 1 2026
H,Cabo Verde,Ryan Mendes,Forward,SillySeason Apr 1 2026
H,Cabo Verde,Willy Semedo,Forward,SillySeason Apr 1 2026
H,Cabo Verde,Bruno Varela,Goalkeeper,SillySeason Apr 1 2026
H,Cabo Verde,Marcio Rosa,Goalkeeper,SillySeason Apr 1 2026
H,Cabo Verde,Vozinha,Goalkeeper,SillySeason Apr 1 2026
H,Cabo Verde,Ailson Tavares,Midfielder,SillySeason Apr 1 2026
H,Cabo Verde,Deroy Duarte,Midfielder,SillySeason Apr 1 2026
H,Cabo Verde,Jamiro Monteiro,Midfielder,SillySeason Apr 1 2026
H,Cabo Verde,Joao Paulo,Midfielder,SillySeason Apr 1 2026
H,Cabo Verde,Kevin Pina,Midfielder,SillySeason Apr 1 2026
H,Cabo Verde,Laros Duarte,Midfielder,SillySeason Apr 1 2026
H,Cabo Verde,Telmo Arcanjo,Midfielder,SillySeason Apr 1 2026
H,Espanha,Aymeric Laporte,Defender,SillySeason Apr 1 2026
H,Espanha,Dani Vivian,Defender,SillySeason Apr 1 2026
H,Espanha,Marc Cucurella,Defender,SillySeason Apr 1 2026
H,Espanha,Marcos Llorente,Defender,SillySeason Apr 1 2026
H,Espanha,Pau Cubarsí,Defender,SillySeason Apr 1 2026
H,Espanha,Pedro Porro,Defender,SillySeason Apr 1 2026
H,Espanha,Álex Grimaldo,Defender,SillySeason Apr 1 2026
H,Espanha,Borja Iglesias,Forward,SillySeason Apr 1 2026
H,Espanha,Dani Olmo,Forward,SillySeason Apr 1 2026
H,Espanha,Fermín López,Forward,SillySeason Apr 1 2026
H,Espanha,Ferran Torres,Forward,SillySeason Apr 1 2026
H,Espanha,Jorge de Frutos,Forward,SillySeason Apr 1 2026
H,Espanha,Mikel Oyarzabal,Forward,SillySeason Apr 1 2026
H,Espanha,Samu Aghehowa,Forward,SillySeason Apr 1 2026
H,Espanha,Yeremy Pino,Forward,SillySeason Apr 1 2026
H,Espanha,Alex Remiro,Goalkeeper,SillySeason Apr 1 2026
H,Espanha,David Raya,Goalkeeper,SillySeason Apr 1 2026
H,Espanha,Unai Simón,Goalkeeper,SillySeason Apr 1 2026
H,Espanha,Aleix García,Midfielder,SillySeason Apr 1 2026
H,Espanha,Fabián Ruiz,Midfielder,SillySeason Apr 1 2026
H,Espanha,Martín Zubimendi,Midfielder,SillySeason Apr 1 2026
H,Espanha,Mikel Merino,Midfielder,SillySeason Apr 1 2026
H,Espanha,Pablo Barrios,Midfielder,SillySeason Apr 1 2026
H,Espanha,Pablo Fornals,Midfielder,SillySeason Apr 1 2026
H,Espanha,Álex Baena,Midfielder,SillySeason Apr 1 2026
H,Uruguai,Guillermo Varela,Defender,SillySeason Apr 1 2026
H,Uruguai,Joaquín Piquerez,Defender,SillySeason Apr 1 2026
H,Uruguai,José Luis Rodríguez,Defender,SillySeason Apr 1 2026
H,Uruguai,José María Giménez,Defender,SillySeason Apr 1 2026
H,Uruguai,Mathías Olivera,Defender,SillySeason Apr 1 2026
H,Uruguai,Matías Viña,Defender,SillySeason Apr 1 2026
H,Uruguai,Ronald Araújo,Defender,SillySeason Apr 1 2026
H,Uruguai,Santiago Bueno,Defender,SillySeason Apr 1 2026
H,Uruguai,Sebastián Cáceres,Defender,SillySeason Apr 1 2026
H,Uruguai,Brian Rodríguez,Forward,SillySeason Apr 1 2026
H,Uruguai,Facundo Pellistri,Forward,SillySeason Apr 1 2026
H,Uruguai,Facundo Torres,Forward,SillySeason Apr 1 2026
H,Uruguai,Federico Viñas,Forward,SillySeason Apr 1 2026
H,Uruguai,Ignacio Laquintana,Forward,SillySeason Apr 1 2026
H,Uruguai,Luciano Rodríguez,Forward,SillySeason Apr 1 2026
H,Uruguai,Rodrigo Aguirre,Forward,SillySeason Apr 1 2026
H,Uruguai,Cristopher Fiermarin,Goalkeeper,SillySeason Apr 1 2026
H,Uruguai,Santiago Mele,Goalkeeper,SillySeason Apr 1 2026
H,Uruguai,Emiliano Martínez,Midfielder,SillySeason Apr 1 2026
H,Uruguai,Giorgian de Arrascaeta,Midfielder,SillySeason Apr 1 2026
H,Uruguai,Juan Manuel Sanabria,Midfielder,SillySeason Apr 1 2026
H,Uruguai,Manuel Ugarte,Midfielder,SillySeason Apr 1 2026
H,Uruguai,Maximiliano Araújo,Midfielder,SillySeason Apr 1 2026
H,Uruguai,Nahitan Nández,Midfielder,SillySeason Apr 1 2026
H,Uruguai,Rodrigo Bentancur,Midfielder,SillySeason Apr 1 2026
H,Uruguai,Rodrigo Zalazar,Midfielder,SillySeason Apr 1 2026
H,Uruguai,Santiago Homenchenko,Midfielder,SillySeason Apr 1 2026
I,França,Dayot Upamecano,Defender,SillySeason Apr 1 2026
I,França,Ibrahima Konaté,Defender,SillySeason Apr 1 2026
I,França,Jules Koundé,Defender,SillySeason Apr 1 2026
I,França,Lucas Digne,Defender,SillySeason Apr 1 2026
I,França,Lucas Hernandez,Defender,SillySeason Apr 1 2026
I,França,Malo Gusto,Defender,SillySeason Apr 1 2026
I,França,Theo Hernandez,Defender,SillySeason Apr 1 2026
I,França,William Saliba,Defender,SillySeason Apr 1 2026
I,França,Bradley Barcola,Forward,SillySeason Apr 1 2026
I,França,Christopher Nkunku,Forward,SillySeason Apr 1 2026
I,França,Florian Thauvin,Forward,SillySeason Apr 1 2026
I,França,Hugo Ekitike,Forward,SillySeason Apr 1 2026
I,França,Jean-Philippe Mateta,Forward,SillySeason Apr 1 2026
I,França,Maghnes Akliouche,Forward,SillySeason Apr 1 2026
I,França,Rayan Cherki,Forward,SillySeason Apr 1 2026
I,França,Brice Samba,Goalkeeper,SillySeason Apr 1 2026
I,França,Lucas Chevalier,Goalkeeper,SillySeason Apr 1 2026
I,França,Mike Maignan,Goalkeeper,SillySeason Apr 1 2026
I,França,Khéphren Thuram,Midfielder,SillySeason Apr 1 2026
I,França,Michael Olise,Midfielder,SillySeason Apr 1 2026
I,França,N'Golo Kanté,Midfielder,SillySeason Apr 1 2026
I,França,Warren Zaïre-Emery,Midfielder,SillySeason Apr 1 2026
I,Iraque,Ahmed Maknzi,Defender,SillySeason Apr 1 2026
I,Iraque,Akam Hashim,Defender,SillySeason Apr 1 2026
I,Iraque,Frans Putros,Defender,SillySeason Apr 1 2026
I,Iraque,Hussein Ali,Defender,SillySeason Apr 1 2026
I,Iraque,Manaf Younis,Defender,SillySeason Apr 1 2026
I,Iraque,Merchas Doski,Defender,SillySeason Apr 1 2026
I,Iraque,Rebin Sulaka,Defender,SillySeason Apr 1 2026
I,Iraque,Zaid Tahseen,Defender,SillySeason Apr 1 2026
I,Iraque,Ali Al-Hamadi,Forward,SillySeason Apr 1 2026
I,Iraque,Ali Jassim,Forward,SillySeason Apr 1 2026
I,Iraque,Ali Yousif,Forward,SillySeason Apr 1 2026
I,Iraque,Aymen Hussein,Forward,SillySeason Apr 1 2026
I,Iraque,Mohanad Ali,Forward,SillySeason Apr 1 2026
I,Iraque,Ahmed Basil,Goalkeeper,SillySeason Apr 1 2026
I,Iraque,Fahad Talib,Goalkeeper,SillySeason Apr 1 2026
I,Iraque,Kamel Al-Rekabe,Goalkeeper,SillySeason Apr 1 2026
I,Iraque,Aimar Sher,Midfielder,SillySeason Apr 1 2026
I,Iraque,Amir Al-Ammari,Midfielder,SillySeason Apr 1 2026
I,Iraque,Hasan Abdulkareem,Midfielder,SillySeason Apr 1 2026
I,Iraque,Ibrahim Bayesh,Midfielder,SillySeason Apr 1 2026
I,Iraque,Kevin Yakob,Midfielder,SillySeason Apr 1 2026
I,Iraque,Marko Farji,Midfielder,SillySeason Apr 1 2026
I,Iraque,Peter Gwargis,Midfielder,SillySeason Apr 1 2026
I,Iraque,Youssef Amyn,Midfielder,SillySeason Apr 1 2026
I,Iraque,Zaid Ismail,Midfielder,SillySeason Apr 1 2026
I,Iraque,Zidane Iqbal,Midfielder,SillySeason Apr 1 2026
I,Noruega,David Møller Wolfe,Defender,SillySeason Apr 1 2026
I,Noruega,Fredrik André Bjørkan,Defender,SillySeason Apr 1 2026
I,Noruega,Julian Ryerson,Defender,SillySeason Apr 1 2026
I,Noruega,Kristoffer Ajer,Defender,SillySeason Apr 1 2026
I,Noruega,Leo Skiri Østigård,Defender,SillySeason Apr 1 2026
I,Noruega,Marcus Holmgren Pedersen,Defender,SillySeason Apr 1 2026
I,Noruega,Sondre Langås,Defender,SillySeason Apr 1 2026
I,Noruega,Torbjørn Heggem,Defender,SillySeason Apr 1 2026
I,Noruega,Alexander Sørloth,Forward,SillySeason Apr 1 2026
I,Noruega,Andreas Schjelderup,Forward,SillySeason Apr 1 2026
I,Noruega,Erling Haaland,Forward,SillySeason Apr 1 2026
I,Noruega,Jørgen Strand Larsen,Forward,SillySeason Apr 1 2026
I,Noruega,Mathias Dyngeland,Goalkeeper,SillySeason Apr 1 2026
I,Noruega,Sander Tangvik,Goalkeeper,SillySeason Apr 1 2026
I,Noruega,Ørjan Nyland,Goalkeeper,SillySeason Apr 1 2026
I,Noruega,Antonio Nusa,Midfielder,SillySeason Apr 1 2026
I,Noruega,Aron Dønnum,Midfielder,SillySeason Apr 1 2026
I,Noruega,Kristian Arnstad,Midfielder,SillySeason Apr 1 2026
I,Noruega,Kristian Thorstvedt,Midfielder,SillySeason Apr 1 2026
I,Noruega,Morten Thorsby,Midfielder,SillySeason Apr 1 2026
I,Noruega,Oscar Bobb,Midfielder,SillySeason Apr 1 2026
I,Noruega,Patrick Berg,Midfielder,SillySeason Apr 1 2026
I,Noruega,Sander Berge,Midfielder,SillySeason Apr 1 2026
I,Noruega,Thelo Aasgaard,Midfielder,SillySeason Apr 1 2026
I,Senegal,Abdoulaye Seck,Defender,SillySeason Apr 1 2026
I,Senegal,Antoine Mendy,Defender,SillySeason Apr 1 2026
I,Senegal,El Hadji Malick Diouf,Defender,SillySeason Apr 1 2026
I,Senegal,Ilay Camara,Defender,SillySeason Apr 1 2026
I,Senegal,Ismail Jakobs,Defender,SillySeason Apr 1 2026
I,Senegal,Kalidou Koulibaly,Defender,SillySeason Apr 1 2026
I,Senegal,Mamadou Sarr,Defender,SillySeason Apr 1 2026
I,Senegal,Moussa Niakhaté,Defender,SillySeason Apr 1 2026
I,Senegal,Assane Diao,Forward,SillySeason Apr 1 2026
I,Senegal,Boulaye Dia,Forward,SillySeason Apr 1 2026
I,Senegal,Cheikh Sabaly,Forward,SillySeason Apr 1 2026
I,Senegal,Chérif Ndiaye,Forward,SillySeason Apr 1 2026
I,Senegal,Habib Diallo,Forward,SillySeason Apr 1 2026
I,Senegal,Ibrahim Mbaye,Forward,SillySeason Apr 1 2026
I,Senegal,Iliman Ndiaye,Forward,SillySeason Apr 1 2026
I,Senegal,Ismaïla Sarr,Forward,SillySeason Apr 1 2026
I,Senegal,Nicolas Jackson,Forward,SillySeason Apr 1 2026
I,Senegal,Sadio Mané,Forward,SillySeason Apr 1 2026
I,Senegal,Edouard Mendy,Goalkeeper,SillySeason Apr 1 2026
I,Senegal,Mory Diaw,Goalkeeper,SillySeason Apr 1 2026
I,Senegal,Yehvann Diouf,Goalkeeper,SillySeason Apr 1 2026
I,Senegal,Idrissa Gueye,Midfielder,SillySeason Apr 1 2026
I,Senegal,Lamine Camara,Midfielder,SillySeason Apr 1 2026
I,Senegal,Pape Gueye,Midfielder,SillySeason Apr 1 2026
I,Senegal,Pape Matar Sarr,Midfielder,SillySeason Apr 1 2026
I,Senegal,Pathé Ciss,Midfielder,SillySeason Apr 1 2026
I,Senegal,Rassoul Ndiaye,Midfielder,SillySeason Apr 1 2026
J,Argentina,Cristian Romero,Defender,SillySeason Apr 1 2026
J,Argentina,Juan Foyth,Defender,SillySeason Apr 1 2026
J,Argentina,Kevin Mac Allister,Defender,SillySeason Apr 1 2026
J,Argentina,Marcos Senesi,Defender,SillySeason Apr 1 2026
J,Argentina,Nicolás Otamendi,Defender,SillySeason Apr 1 2026
J,Argentina,Nicolás Tagliafico,Defender,SillySeason Apr 1 2026
J,Argentina,Valentín Barco,Defender,SillySeason Apr 1 2026
J,Argentina,Gianluca Prestianni,Forward,SillySeason Apr 1 2026
J,Argentina,Joaquín Panichelli,Forward,SillySeason Apr 1 2026
J,Argentina,José Manuel López,Forward,SillySeason Apr 1 2026
J,Argentina,Lautaro Martínez,Forward,SillySeason Apr 1 2026
J,Argentina,Lionel Messi,Forward,SillySeason Apr 1 2026
J,Argentina,Nicolás González,Forward,SillySeason Apr 1 2026
J,Argentina,Gerónimo Rulli,Goalkeeper,SillySeason Apr 1 2026
J,Argentina,Walter Benítez,Goalkeeper,SillySeason Apr 1 2026
J,Argentina,Alexis Mac Allister,Midfielder,SillySeason Apr 1 2026
J,Argentina,Emiliano Buendía,Midfielder,SillySeason Apr 1 2026
J,Argentina,Giovani Lo Celso,Midfielder,SillySeason Apr 1 2026
J,Argentina,Leandro Paredes,Midfielder,SillySeason Apr 1 2026
J,Argentina,Máximo Perrone,Midfielder,SillySeason Apr 1 2026
J,Argentina,Nico Paz,Midfielder,SillySeason Apr 1 2026
J,Argentina,Rodrigo De Paul,Midfielder,SillySeason Apr 1 2026
J,Argentina,Thiago Almada,Midfielder,SillySeason Apr 1 2026
J,Argélia,Abdelkader Bedrane,Defender,SillySeason Apr 1 2026
J,Argélia,Achref Abada,Defender,SillySeason Apr 1 2026
J,Argélia,Houari Baouche,Defender,SillySeason Apr 1 2026
J,Argélia,Mohamed Amine Tougai,Defender,SillySeason Apr 1 2026
J,Argélia,Naoufel Khacef,Defender,SillySeason Apr 1 2026
J,Argélia,Reda Benchaa,Defender,SillySeason Apr 1 2026
J,Argélia,Reda Halaïmia,Defender,SillySeason Apr 1 2026
J,Argélia,Youcef Atal,Defender,SillySeason Apr 1 2026
J,Argélia,Adam Ounas,Forward,SillySeason Apr 1 2026
J,Argélia,Adil Boulbina,Forward,SillySeason Apr 1 2026
J,Argélia,Amir Sayoud,Forward,SillySeason Apr 1 2026
J,Argélia,Islam Slimani,Forward,SillySeason Apr 1 2026
J,Argélia,Rafik Guitane,Forward,SillySeason Apr 1 2026
J,Argélia,Redouane Berkane,Forward,SillySeason Apr 1 2026
J,Argélia,Yacine Brahimi,Forward,SillySeason Apr 1 2026
J,Argélia,Yassine Benzia,Forward,SillySeason Apr 1 2026
J,Argélia,Farid Chaâl,Goalkeeper,SillySeason Apr 1 2026
J,Argélia,Mohamed Idir Hadid,Goalkeeper,SillySeason Apr 1 2026
J,Argélia,Rayane Yesli,Goalkeeper,SillySeason Apr 1 2026
J,Argélia,Houssem Eddine Mrezigue,Midfielder,SillySeason Apr 1 2026
J,Argélia,Sofiane Bendebka,Midfielder,SillySeason Apr 1 2026
J,Argélia,Victor Lekhal,Midfielder,SillySeason Apr 1 2026
J,Argélia,Zakaria Draoui,Midfielder,SillySeason Apr 1 2026
J,Jordânia,Abdallah Nasib,Defender,SillySeason Apr 1 2026
J,Jordânia,Adham Al-Quraishi,Defender,SillySeason Apr 1 2026
J,Jordânia,Ali Hajabi,Defender,SillySeason Apr 1 2026
J,Jordânia,Hadi Al-Hourani,Defender,SillySeason Apr 1 2026
J,Jordânia,Husam Abu Dahab,Defender,SillySeason Apr 1 2026
J,Jordânia,Issam Smeeri,Defender,SillySeason Apr 1 2026
J,Jordânia,Mohammad Abu Hashish,Defender,SillySeason Apr 1 2026
J,Jordânia,Mohannad Abu Taha,Defender,SillySeason Apr 1 2026
J,Jordânia,Saed Al-Rosan,Defender,SillySeason Apr 1 2026
J,Jordânia,Salim Obaid,Defender,SillySeason Apr 1 2026
J,Jordânia,Ahmad Ersan,Forward,SillySeason Apr 1 2026
J,Jordânia,Ali Olwan,Forward,SillySeason Apr 1 2026
J,Jordânia,Mahmoud Al-Mardi,Forward,SillySeason Apr 1 2026
J,Jordânia,Mohammad Abu Zrayq,Forward,SillySeason Apr 1 2026
J,Jordânia,Odeh Al-Fakhouri,Forward,SillySeason Apr 1 2026
J,Jordânia,Yazan Al-Naimat,Forward,SillySeason Apr 1 2026
J,Jordânia,Malek Shalabiya,Goalkeeper,SillySeason Apr 1 2026
J,Jordânia,Nour Bani Attiah,Goalkeeper,SillySeason Apr 1 2026
J,Jordânia,Yazeed Abulaila,Goalkeeper,SillySeason Apr 1 2026
J,Jordânia,Amer Jamous,Midfielder,SillySeason Apr 1 2026
J,Jordânia,Ibrahim Sadeh,Midfielder,SillySeason Apr 1 2026
J,Jordânia,Nizar Al-Rashdan,Midfielder,SillySeason Apr 1 2026
J,Jordânia,Rajaei Ayed,Midfielder,SillySeason Apr 1 2026
J,Áustria,Alexander Prass,Defender,SillySeason Apr 1 2026
J,Áustria,David Alaba,Defender,SillySeason Apr 1 2026
J,Áustria,Kevin Danso,Defender,SillySeason Apr 1 2026
J,Áustria,Leopold Querfeld,Defender,SillySeason Apr 1 2026
J,Áustria,Marco Friedl,Defender,SillySeason Apr 1 2026
J,Áustria,Philipp Lienhart,Defender,SillySeason Apr 1 2026
J,Áustria,Phillipp Mwene,Defender,SillySeason Apr 1 2026
J,Áustria,Stefan Posch,Defender,SillySeason Apr 1 2026
J,Áustria,Marko Arnautović,Forward,SillySeason Apr 1 2026
J,Áustria,Michael Gregoritsch,Forward,SillySeason Apr 1 2026
J,Áustria,Nikolaus Wurmbrand,Forward,SillySeason Apr 1 2026
J,Áustria,Raul Florucz,Forward,SillySeason Apr 1 2026
J,Áustria,Alexander Schlager,Goalkeeper,SillySeason Apr 1 2026
J,Áustria,Nicolas Kristof,Goalkeeper,SillySeason Apr 1 2026
J,Áustria,Nikolas Polster,Goalkeeper,SillySeason Apr 1 2026
J,Áustria,Patrick Pentz,Goalkeeper,SillySeason Apr 1 2026
J,Áustria,Alessandro Schöpf,Midfielder,SillySeason Apr 1 2026
J,Áustria,Christoph Baumgartner,Midfielder,SillySeason Apr 1 2026
J,Áustria,Florian Grillitsch,Midfielder,SillySeason Apr 1 2026
J,Áustria,Konrad Laimer,Midfielder,SillySeason Apr 1 2026
J,Áustria,Marcel Sabitzer,Midfielder,SillySeason Apr 1 2026
J,Áustria,Marco Grüll,Midfielder,SillySeason Apr 1 2026
J,Áustria,Nicolas Seiwald,Midfielder,SillySeason Apr 1 2026
J,Áustria,Patrick Wimmer,Midfielder,SillySeason Apr 1 2026
J,Áustria,Romano Schmid,Midfielder,SillySeason Apr 1 2026
J,Áustria,Xaver Schlager,Midfielder,SillySeason Apr 1 2026
K,Colômbia,Carlos Cuesta,Defender,SillySeason Apr 1 2026
K,Colômbia,Daniel Muñoz,Defender,SillySeason Apr 1 2026
K,Colômbia,Davinson Sánchez,Defender,SillySeason Apr 1 2026
K,Colômbia,Jhon Lucumí,Defender,SillySeason Apr 1 2026
K,Colômbia,Johan Mojica,Defender,SillySeason Apr 1 2026
K,Colômbia,Santiago Arias,Defender,SillySeason Apr 1 2026
K,Colômbia,Yerry Mina,Defender,SillySeason Apr 1 2026
K,Colômbia,Álvaro Angulo,Defender,SillySeason Apr 1 2026
K,Colômbia,Andrés Gómez,Forward,SillySeason Apr 1 2026
K,Colômbia,Jhon Córdoba,Forward,SillySeason Apr 1 2026
K,Colômbia,Johan Carbonero,Forward,SillySeason Apr 1 2026
K,Colômbia,Luis Díaz,Forward,SillySeason Apr 1 2026
K,Colômbia,Luis Suárez,Forward,SillySeason Apr 1 2026
K,Colômbia,Rafael Santos Borré,Forward,SillySeason Apr 1 2026
K,Colômbia,Camilo Vargas,Goalkeeper,SillySeason Apr 1 2026
K,Colômbia,David Ospina,Goalkeeper,SillySeason Apr 1 2026
K,Colômbia,Álvaro Montero,Goalkeeper,SillySeason Apr 1 2026
K,Colômbia,Gustavo Puerta,Midfielder,SillySeason Apr 1 2026
K,Colômbia,James Rodríguez,Midfielder,SillySeason Apr 1 2026
K,Colômbia,Jefferson Lerma,Midfielder,SillySeason Apr 1 2026
K,Colômbia,Jhon Arias,Midfielder,SillySeason Apr 1 2026
K,Colômbia,Jorge Carrascal,Midfielder,SillySeason Apr 1 2026
K,Colômbia,Juan Portilla,Midfielder,SillySeason Apr 1 2026
K,Colômbia,Kevin Castaño,Midfielder,SillySeason Apr 1 2026
K,Colômbia,Richard Ríos,Midfielder,SillySeason Apr 1 2026
K,Colômbia,Yaser Asprilla,Midfielder,SillySeason Apr 1 2026
K,Portugal,António Silva,Defender,SillySeason Apr 1 2026
K,Portugal,Diogo Dalot,Defender,SillySeason Apr 1 2026
K,Portugal,Gonçalo Inácio,Defender,SillySeason Apr 1 2026
K,Portugal,João Cancelo,Defender,SillySeason Apr 1 2026
K,Portugal,Nélson Semedo,Defender,SillySeason Apr 1 2026
K,Portugal,Renato Veiga,Defender,SillySeason Apr 1 2026
K,Portugal,Rúben Dias,Defender,SillySeason Apr 1 2026
K,Portugal,Carlos Forbs,Forward,SillySeason Apr 1 2026
K,Portugal,Cristiano Ronaldo,Forward,SillySeason Apr 1 2026
K,Portugal,Francisco Conceição,Forward,SillySeason Apr 1 2026
K,Portugal,Francisco Trincão,Forward,SillySeason Apr 1 2026
K,Portugal,Gonçalo Ramos,Forward,SillySeason Apr 1 2026
K,Portugal,João Félix,Forward,SillySeason Apr 1 2026
K,Portugal,Rafael Leão,Forward,SillySeason Apr 1 2026
K,Portugal,Diogo Costa,Goalkeeper,SillySeason Apr 1 2026
K,Portugal,José Sá,Goalkeeper,SillySeason Apr 1 2026
K,Portugal,Rui Silva,Goalkeeper,SillySeason Apr 1 2026
K,Portugal,Bernardo Silva,Midfielder,SillySeason Apr 1 2026
K,Portugal,Bruno Fernandes,Midfielder,SillySeason Apr 1 2026
K,Portugal,João Neves,Midfielder,SillySeason Apr 1 2026
K,Portugal,João Palhinha,Midfielder,SillySeason Apr 1 2026
K,Portugal,Matheus Nunes,Midfielder,SillySeason Apr 1 2026
K,Portugal,Rúben Neves,Midfielder,SillySeason Apr 1 2026
K,Portugal,Vitinha,Midfielder,SillySeason Apr 1 2026
K,RD Congo,Aaron Wan-Bissaka,Defender,AfricanFootball Mar 12 2026 playoff squad / Mar 2026 return note
K,RD Congo,Arthur Masuaku,Defender,AfricanFootball Mar 12 2026 playoff squad / Mar 2026 return note
K,RD Congo,Axel Tuanzebe,Defender,AfricanFootball Mar 12 2026 playoff squad / Mar 2026 return note
K,RD Congo,Chancel Mbemba,Defender,AfricanFootball Mar 12 2026 playoff squad / Mar 2026 return note
K,RD Congo,Dylan Batubinsika,Defender,AfricanFootball Mar 12 2026 playoff squad / Mar 2026 return note
K,RD Congo,Jeremy Ngakia,Defender,AfricanFootball Mar 12 2026 playoff squad / Mar 2026 return note
K,RD Congo,Joris Kayembe,Defender,AfricanFootball Mar 12 2026 playoff squad / Mar 2026 return note
K,RD Congo,Rocky Bushiri,Defender,AfricanFootball Mar 12 2026 playoff squad / Mar 2026 return note
K,RD Congo,Steve Kapuadi,Defender,AfricanFootball Mar 12 2026 playoff squad / Mar 2026 return note
K,RD Congo,Cedric Bakambu,Forward,AfricanFootball Mar 12 2026 playoff squad / Mar 2026 return note
K,RD Congo,Fiston Mayele,Forward,AfricanFootball Mar 12 2026 playoff squad / Mar 2026 return note
K,RD Congo,Simon Banza,Forward,AfricanFootball Mar 12 2026 playoff squad / Mar 2026 return note
K,RD Congo,Yoane Wissa,Forward,AfricanFootball Mar 12 2026 playoff squad / Mar 2026 return note
K,RD Congo,Lionel Mpasi-Nzau,Goalkeeper,AfricanFootball Mar 12 2026 playoff squad / Mar 2026 return note
K,RD Congo,Mathieu Epolo,Goalkeeper,AfricanFootball Mar 12 2026 playoff squad / Mar 2026 return note
K,RD Congo,Timothé Fayulu,Goalkeeper,AfricanFootball Mar 12 2026 playoff squad / Mar 2026 return note
K,RD Congo,Brian Silbenga,Midfielder,AfricanFootball Mar 12 2026 playoff squad / Mar 2026 return note
K,RD Congo,Charles Pickel,Midfielder,AfricanFootball Mar 12 2026 playoff squad / Mar 2026 return note
K,RD Congo,Edo Kayembe,Midfielder,AfricanFootball Mar 12 2026 playoff squad / Mar 2026 return note
K,RD Congo,Grady Diangana,Midfielder,AfricanFootball Mar 12 2026 playoff squad / Mar 2026 return note
K,RD Congo,Meschack Elia,Midfielder,AfricanFootball Mar 12 2026 playoff squad / Mar 2026 return note
K,RD Congo,Nathanael Mbuku,Midfielder,AfricanFootball Mar 12 2026 playoff squad / Mar 2026 return note
K,RD Congo,Ngala Mukaou,Midfielder,AfricanFootball Mar 12 2026 playoff squad / Mar 2026 return note
K,RD Congo,Noah Sadiki,Midfielder,AfricanFootball Mar 12 2026 playoff squad / Mar 2026 return note
K,RD Congo,Samuel Moutoussamy,Midfielder,AfricanFootball Mar 12 2026 playoff squad / Mar 2026 return note
K,RD Congo,Theo Bongonda,Midfielder,AfricanFootball Mar 12 2026 playoff squad / Mar 2026 return note
K,Uzbequistão,Abdukodir Khusanov,Defender,SillySeason Apr 1 2026
K,Uzbequistão,Abdulla Abdullaev,Defender,SillySeason Apr 1 2026
K,Uzbequistão,Farrukh Sayfiev,Defender,SillySeason Apr 1 2026
K,Uzbequistão,Husniddin Aliqulov,Defender,SillySeason Apr 1 2026
K,Uzbequistão,Khojiakbar Alijonov,Defender,SillySeason Apr 1 2026
K,Uzbequistão,Mukhammadkodir Khamraliev,Defender,SillySeason Apr 1 2026
K,Uzbequistão,Rustam Ashurmatov,Defender,SillySeason Apr 1 2026
K,Uzbequistão,Sherzod Nasrullaev,Defender,SillySeason Apr 1 2026
K,Uzbequistão,Umar Eshmurodov,Defender,SillySeason Apr 1 2026
K,Uzbequistão,Eldor Shomurodov,Forward,SillySeason Apr 1 2026
K,Uzbequistão,Igor Sergeev,Forward,SillySeason Apr 1 2026
K,Uzbequistão,Khusayin Norchaev,Forward,SillySeason Apr 1 2026
K,Uzbequistão,Abduvohid Nematov,Goalkeeper,SillySeason Apr 1 2026
K,Uzbequistão,Botirali Ergashev,Goalkeeper,SillySeason Apr 1 2026
K,Uzbequistão,Vladimir Nazarov,Goalkeeper,SillySeason Apr 1 2026
K,Uzbequistão,Akmal Mozgovoy,Midfielder,SillySeason Apr 1 2026
K,Uzbequistão,Azizbek Turgunboev,Midfielder,SillySeason Apr 1 2026
K,Uzbequistão,Azizjon Ganiev,Midfielder,SillySeason Apr 1 2026
K,Uzbequistão,Dostonbek Khamdamov,Midfielder,SillySeason Apr 1 2026
K,Uzbequistão,Jamshid Iskanderov,Midfielder,SillySeason Apr 1 2026
K,Uzbequistão,Khojimat Erkinov,Midfielder,SillySeason Apr 1 2026
K,Uzbequistão,Odiljon Hamrobekov,Midfielder,SillySeason Apr 1 2026
K,Uzbequistão,Oston Urunov,Midfielder,SillySeason Apr 1 2026
K,Uzbequistão,Otabek Shukurov,Midfielder,SillySeason Apr 1 2026
K,Uzbequistão,Ruslanbek Jiyanov,Midfielder,SillySeason Apr 1 2026
K,Uzbequistão,Sardorbek Bakhromov,Midfielder,SillySeason Apr 1 2026
L,Croácia,Duje Ćaleta-Car,Defender,SillySeason Apr 1 2026
L,Croácia,Josip Stanišić,Defender,SillySeason Apr 1 2026
L,Croácia,Josip Šutalo,Defender,SillySeason Apr 1 2026
L,Croácia,Joško Gvardiol,Defender,SillySeason Apr 1 2026
L,Croácia,Luka Vušković,Defender,SillySeason Apr 1 2026
L,Croácia,Marin Pongračić,Defender,SillySeason Apr 1 2026
L,Croácia,Martin Erlić,Defender,SillySeason Apr 1 2026
L,Croácia,Andrej Kramarić,Forward,SillySeason Apr 1 2026
L,Croácia,Franjo Ivanović,Forward,SillySeason Apr 1 2026
L,Croácia,Igor Matanović,Forward,SillySeason Apr 1 2026
L,Croácia,Ivan Perišić,Forward,SillySeason Apr 1 2026
L,Croácia,Marco Pašalić,Forward,SillySeason Apr 1 2026
L,Croácia,Mislav Oršić,Forward,SillySeason Apr 1 2026
L,Croácia,Petar Musa,Forward,SillySeason Apr 1 2026
L,Croácia,Dominik Livaković,Goalkeeper,SillySeason Apr 1 2026
L,Croácia,Ivica Ivušić,Goalkeeper,SillySeason Apr 1 2026
L,Croácia,Ivor Pandur,Goalkeeper,SillySeason Apr 1 2026
L,Croácia,Kristijan Jakić,Midfielder,SillySeason Apr 1 2026
L,Croácia,Luka Modrić,Midfielder,SillySeason Apr 1 2026
L,Croácia,Mario Pašalić,Midfielder,SillySeason Apr 1 2026
L,Croácia,Nikola Moro,Midfielder,SillySeason Apr 1 2026
L,Croácia,Nikola Vlašić,Midfielder,SillySeason Apr 1 2026
L,Croácia,Petar Sučić,Midfielder,SillySeason Apr 1 2026
L,Croácia,Toni Fruk,Midfielder,SillySeason Apr 1 2026
L,Gana,Alidu Seidu,Defender,SillySeason Apr 1 2026
L,Gana,Caleb Yirenkyi,Defender,SillySeason Apr 1 2026
L,Gana,Derrick Köhn,Defender,SillySeason Apr 1 2026
L,Gana,Ebenezer Annan,Defender,SillySeason Apr 1 2026
L,Gana,Gideon Mensah,Defender,SillySeason Apr 1 2026
L,Gana,Jerome Opoku,Defender,SillySeason Apr 1 2026
L,Gana,Jonas Adjetey,Defender,SillySeason Apr 1 2026
L,Gana,Kojo Peprah Oppong,Defender,SillySeason Apr 1 2026
L,Gana,Mohammed Salisu,Defender,SillySeason Apr 1 2026
L,Gana,Antoine Semenyo,Forward,SillySeason Apr 1 2026
L,Gana,Brandon Thomas-Asante,Forward,SillySeason Apr 1 2026
L,Gana,Prince Osei Owusu,Forward,SillySeason Apr 1 2026
L,Gana,Benjamin Asare,Goalkeeper,SillySeason Apr 1 2026
L,Gana,Joseph Anang,Goalkeeper,SillySeason Apr 1 2026
L,Gana,Lawrence Ati-Zigi,Goalkeeper,SillySeason Apr 1 2026
L,Gana,Abu Francis,Midfielder,SillySeason Apr 1 2026
L,Gana,Christopher Bonsu Baah,Midfielder,SillySeason Apr 1 2026
L,Gana,Kamaldeen Sulemana,Midfielder,SillySeason Apr 1 2026
L,Gana,Kelvin Nkrumah,Midfielder,SillySeason Apr 1 2026
L,Gana,Kwasi Sibo,Midfielder,SillySeason Apr 1 2026
L,Gana,Prince Kwabena Adu,Midfielder,SillySeason Apr 1 2026
L,Gana,Prince Owusu,Midfielder,SillySeason Apr 1 2026
L,Inglaterra,Dan Burn,Defender,SillySeason Apr 1 2026
L,Inglaterra,Djed Spence,Defender,SillySeason Apr 1 2026
L,Inglaterra,Ezri Konsa,Defender,SillySeason Apr 1 2026
L,Inglaterra,Jarell Quansah,Defender,SillySeason Apr 1 2026
L,Inglaterra,John Stones,Defender,SillySeason Apr 1 2026
L,Inglaterra,Marc Guéhi,Defender,SillySeason Apr 1 2026
L,Inglaterra,Nico O’Reilly,Defender,SillySeason Apr 1 2026
L,Inglaterra,Reece James,Defender,SillySeason Apr 1 2026
L,Inglaterra,Anthony Gordon,Forward,SillySeason Apr 1 2026
L,Inglaterra,Bukayo Saka,Forward,SillySeason Apr 1 2026
L,Inglaterra,Eberechi Eze,Forward,SillySeason Apr 1 2026
L,Inglaterra,Harry Kane,Forward,SillySeason Apr 1 2026
L,Inglaterra,Jarrod Bowen,Forward,SillySeason Apr 1 2026
L,Inglaterra,Marcus Rashford,Forward,SillySeason Apr 1 2026
L,Inglaterra,Dean Henderson,Goalkeeper,SillySeason Apr 1 2026
L,Inglaterra,Jordan Pickford,Goalkeeper,SillySeason Apr 1 2026
L,Inglaterra,Nick Pope,Goalkeeper,SillySeason Apr 1 2026
L,Inglaterra,Adam Wharton,Midfielder,SillySeason Apr 1 2026
L,Inglaterra,Alex Scott,Midfielder,SillySeason Apr 1 2026
L,Inglaterra,Declan Rice,Midfielder,SillySeason Apr 1 2026
L,Inglaterra,Elliot Anderson,Midfielder,SillySeason Apr 1 2026
L,Inglaterra,Jordan Henderson,Midfielder,SillySeason Apr 1 2026
L,Inglaterra,Jude Bellingham,Midfielder,SillySeason Apr 1 2026
L,Inglaterra,Morgan Rogers,Midfielder,SillySeason Apr 1 2026
L,Panamá,Andrés Andrade,Defender,SillySeason Apr 1 2026
L,Panamá,Carlos Harvey,Defender,SillySeason Apr 1 2026
L,Panamá,César Blackman,Defender,SillySeason Apr 1 2026
L,Panamá,Edgardo Fariña,Defender,SillySeason Apr 1 2026
L,Panamá,Fidel Escobar,Defender,SillySeason Apr 1 2026
L,Panamá,Iván Anderson,Defender,SillySeason Apr 1 2026
L,Panamá,Jiovany Ramos,Defender,SillySeason Apr 1 2026
L,Panamá,Jorge Gutiérrez,Defender,SillySeason Apr 1 2026
L,Panamá,Éric Davis,Defender,SillySeason Apr 1 2026
L,Panamá,Cecilio Waterman,Forward,SillySeason Apr 1 2026
L,Panamá,José Fajardo,Forward,SillySeason Apr 1 2026
L,Panamá,Tomás Rodríguez,Forward,SillySeason Apr 1 2026
L,Panamá,César Samudio,Goalkeeper,SillySeason Apr 1 2026
L,Panamá,Luis Mejía,Goalkeeper,SillySeason Apr 1 2026
L,Panamá,Orlando Mosquera,Goalkeeper,SillySeason Apr 1 2026
L,Panamá,Adalberto Carrasquilla,Midfielder,SillySeason Apr 1 2026
L,Panamá,Alberto Quintero,Midfielder,SillySeason Apr 1 2026
L,Panamá,Aníbal Godoy,Midfielder,SillySeason Apr 1 2026
L,Panamá,Azarias Londoño,Midfielder,SillySeason Apr 1 2026
L,Panamá,Cristian Martínez,Midfielder,SillySeason Apr 1 2026
L,Panamá,Edward Cedeño,Midfielder,SillySeason Apr 1 2026
L,Panamá,Ismael Díaz,Midfielder,SillySeason Apr 1 2026
L,Panamá,José Rodríguez,Midfielder,SillySeason Apr 1 2026
L,Panamá,Jovani Welch,Midfielder,SillySeason Apr 1 2026
L,Panamá,Omar Browne,Midfielder,SillySeason Apr 1 2026
